producto,stock_actual,costo_total_inventario,costo_unitario_inventario,categoria_producto
TOALLITAS HAPPY & SOFT X 120,4703,37624000,8000.0,TOALLITAS HÚMEDAS Y PAÑITOS
TOALLITAS PANDA X 105,3025,18150000,6000.0,TOALLITAS HÚMEDAS Y PAÑITOS
COLONIA ARRURU X 800 ROSADA,3001,134957971,44971.0,HIGIENE PERSONAL
COLONIA ARRURU X 800 AZUL,2709,121826439,44971.0,HIGIENE PERSONAL
TOALLITAS HUMEDAS KOALA X 100,2677,10708000,4000.0,TOALLITAS HÚMEDAS Y PAÑITOS
LECHE NESTOGENO F. INF 135 GRA,1070,8041050,7515.0,ALIMENTACIÓN INFANTIL
PAÑITOS WINNY X 100,1002,8868702,8851.0,PAÑALES
TOALLITAS HAPPY SOFT X 100,714,4855200,6800.0,TOALLITAS HÚMEDAS Y PAÑITOS
CREMA YODORA 60+60,679,17622087,25953.0,CREMAS Y CUIDADO PIEL
TOALLITAS HAPPY & SOFT X 40,567,1814400,3200.0,TOALLITAS HÚMEDAS Y PAÑITOS
CREMA ARRURRU X 800 ORIGINAL,556,16061728,28888.0,ESTUCHES Y KITS REGALO
CREMA NELIND X 40 GRAMOS,545,5993910,10998.0,CREMAS Y CUIDADO PIEL
COLONIA ARRURRU 30 ML ROSADA,414,2324196,5614.0,ESTUCHES Y KITS REGALO
COLONIA ARRURRU X 220 AZUL,336,7939344,23629.0,ESTUCHES Y KITS REGALO
COLONIA ARRURRU X 220 ROSADA,324,7655796,23629.0,ESTUCHES Y KITS REGALO
COLONIA ARRURRU X 120 AZUL + JABON,322,5631458,17489.0,ESTUCHES Y KITS REGALO
TOALLAS POSPARTO MATERNITY CLASICA,320,1835200,5735.0,CUIDADO FEMENINO Y MATERNIDAD
COLONIA ARRURRU 30 ML AZUL,313,1757182,5614.0,ESTUCHES Y KITS REGALO
CREMA YODORA 60+32,305,6734400,22080.0,CREMAS Y CUIDADO PIEL
CREMA N4 X 110,304,9839568,32367.0,CREMAS Y CUIDADO PIEL
PAÑAL BABY SEC ULTRAPROTEC 3 X 30,300,7051500,23505.0,PAÑALES
PAÑAL BEBEX 3 X 25+5,294,5710656,19424.0,PAÑALES
ESTUCHE ARRURRU SUAVIDAD Y HUMECTACION,278,9209306,33127.0,ESTUCHES Y KITS REGALO
CREMA ARRURRU X 120 ORIGINAL,277,2311565,8345.0,ESTUCHES Y KITS REGALO
ESTUCHE ARRURU VIAJERO AZUL,273,5737914,21018.0,ESTUCHES Y KITS REGALO
COLONIA ARRURRU X 120 ROSADA + JAB,268,4687052,17489.0,ESTUCHES Y KITS REGALO
CREMA N4 LATA X 20 GR,266,2033570,7645.0,CREMAS Y CUIDADO PIEL
PAÑAL BABY SEC ULTRAPROTEC 4 X 50,263,12550097,47719.0,PAÑALES
PAÑAL BABY SEC ULTRAPROTEC 4 X 30,241,7123478,29558.0,PAÑALES
ESTUCHE ARRURRU ABUELITA ROSADO,240,12885600,53690.0,ESTUCHES Y KITS REGALO
PAÑAL BEBEX 3 X 50,234,7537842,32213.0,PAÑALES
SHAMPOO HAPPY SOFT MANZANILLA X 1000,222,3108000,14000.0,HIGIENE PERSONAL
PAÑAL BABY SEC ULTRAPROTEC 5 X 50,220,12273800,55790.0,PAÑALES
SHAMPOO HAPPY SOFT NATURAL X 1000,219,3066000,14000.0,HIGIENE PERSONAL
TOALLITAS ARRURU X120 ALOE,219,1825146,8334.0,TOALLITAS HÚMEDAS Y PAÑITOS
SHAMPOO HAPPY SOFT ROMERO X 1000,216,3024000,14000.0,HIGIENE PERSONAL
SHAMPOO Y BAÑO ARRURU 2 EN 1 X 750 ORIGINAL,215,6200170,28838.0,HIGIENE PERSONAL
PAÑAL BEBEX 4 X 50,208,7823712,37614.0,PAÑALES
PAÑAL BEBEX 4 X 25+5,203,4580492,22564.0,PAÑALES
PAÑAL BABY SEC ULTRAPROTEC 5 X 30,201,6820332,33932.0,PAÑALES
ESTUCHE ARRURU VIAJERO ROSA,196,4119528,21018.0,ESTUCHES Y KITS REGALO
PAÑAL BABY SEC PANTS 5 X 20,190,4512880,23752.0,PAÑALES
CREMA YODORA 32+32,188,2717164,14453.0,CREMAS Y CUIDADO PIEL
ESTUCHE ARRURRU ARRULLO,182,5143502,28261.0,ESTUCHES Y KITS REGALO
PAÑAL BABY SEC ULTRAPROTEC 2 X 100,180,11857320,65874.0,PAÑALES
PAÑAL BABY SEC ULTRAPROTEC 3 X 50,179,6855879,38301.0,PAÑALES
ESTUCHE ARRURRU ABUELITA AZUL,177,9503130,53690.0,ESTUCHES Y KITS REGALO
ESTUCHE BABY SHOWER ROSA,168,6377616,37962.0,ESTUCHES Y KITS REGALO
ESTUCHE BABY SHOWER AZUL,167,6339654,37962.0,ESTUCHES Y KITS REGALO
TALCO JOHNSONS ALMIDON X 200,149,1788000,12000.0,HIGIENE PERSONAL
PAÑAL WINNY PANTS 5X30,145,5482595,37811.0,PAÑALES
COLONIA ARRURRU X 60 AZUL,145,1529750,10550.0,ESTUCHES Y KITS REGALO
PAÑAL BABY SEC PANTS 4 X 22,135,3072600,22760.0,PAÑALES
COLONIA ARRURRU X 60 ROSADA,135,1424250,10550.0,ESTUCHES Y KITS REGALO
PAÑAL WINNY 0 ULTRA *30+PAÑITOS,133,2315663,17411.0,PAÑALES
SHAMPOO ARRURRU X 750 CABELLO CLARO,131,3498224,26704.0,ESTUCHES Y KITS REGALO
PAÑAL BABY SEC ULTRAPROTEC 1 X 24,130,1745510,13427.0,PAÑALES
ACEITE ARRURRU X 120,129,1079085,8365.0,ESTUCHES Y KITS REGALO
CREMA YODORA TUBO X 12 GR,129,350622,2718.0,CREMAS Y CUIDADO PIEL
ACEITE ARRURRU X 50,124,520552,4198.0,ESTUCHES Y KITS REGALO
GEL DE PAPAYA HERBAL X 250,120,1418880,11824.0,OTROS
PAÑAL WINNY 1 ULTRA *30+PAÑITOS,116,2275572,19617.0,PAÑALES
PAÑAL BABY SEC ULTRAPROTEC 2 X 50,112,3724896,33258.0,PAÑALES
PAÑAL BEBEX 5 X 50,111,5063598,45618.0,PAÑALES
CREMA ANTIPAÑALITIS ALMIPRO X 500,111,4885554,44014.0,PAÑALES
TENA SLIP ULTRA L X 9,110,3736920,33972.0,OTROS
PAÑAL BABY SEC ULTRAPROTEC 3 X 100,109,8247376,75664.0,PAÑALES
CREMA ANTIPAÑALITIS HAPPY & SOFT X 500,107,2889000,27000.0,PAÑALES
SHAMPOO ARRURRU X 220 SUAVIDAD Y HUMECTACION,106,1292034,12189.0,ESTUCHES Y KITS REGALO
TOALLITAS ARRURU X 20 AVENA Y KARITE,104,248248,2387.0,TOALLITAS HÚMEDAS Y PAÑITOS
SHAMPOO BAÑO LIQUIDO ARRRURU 2 EN 1 DELICADA NUTRICION X 750,103,2970314,28838.0,HIGIENE PERSONAL
PAÑAL BABY SEC ULTRAPROTEC 4 X 100,102,9669396,94798.0,PAÑALES
GEL DE PAPAYA HERBAL X 400,102,1689936,16568.0,OTROS
PAÑAL BEBEX 2 X 25+5,101,1661349,16449.0,PAÑALES
PAÑAL WINNY 3 ULTRA *30+PAÑITOS,98,2801918,28591.0,PAÑALES
CREMA ANTIPAÑALITIS ALMIPRO X 60,95,1277845,13451.0,PAÑALES
CREMA YODORA TUBO X 25,95,570380,6004.0,CREMAS Y CUIDADO PIEL
PAÑAL WINNY PANTS 5X50,93,5685183,61131.0,PAÑALES
SHAMPOO ARRURRU X 750 CABELLO OSCURO,93,2483472,26704.0,ESTUCHES Y KITS REGALO
TALCO PEQUITAS X 80,92,603888,6564.0,HIGIENE PERSONAL
ACEITE ARRURRU X 200,88,1275560,14495.0,ESTUCHES Y KITS REGALO
CREMA ANTIPAÑALITIS HAPPY & SOFT X 60,87,652500,7500.0,PAÑALES
WINNY GOLD ETAPA 6 X 30,86,3965804,46114.0,PAÑALES
PAÑAL BABY DREAMS 4 X 100,84,7074144,84216.0,PAÑALES
PAÑAL BEBEX 2 X 50,80,2193040,27413.0,PAÑALES
PAÑAL WINNY 1 ULTRA *50+PAÑITOS,79,2582905,32695.0,PAÑALES
PAÑAL BABY SEC ULTRAPROTEC 2 X 30,79,1617841,20479.0,PAÑALES
ESTUCHE ARRURRU RECIEN NACIDO,76,2453052,32277.0,ESTUCHES Y KITS REGALO
GEL BIOHERBAL EXTRAFIRME PAPAYA X 800,76,1725808,22708.0,OTROS
TOALLITAS ARRURU X 100 AVENA,76,522804,6879.0,TOALLITAS HÚMEDAS Y PAÑITOS
COLONIA ARRURRU X 400 ROSADA,75,2642325,35231.0,ESTUCHES Y KITS REGALO
SHAMPOO Y BAÑO LIQ ARRURRU 2 EN 1 X 220 ORIGINAL,75,988500,13180.0,ESTUCHES Y KITS REGALO
PAÑAL WINNY 0 ULTRA *50+PAÑITOS,74,2147184,29016.0,PAÑALES
PAÑAL BABY DREAMS 3 X 100,70,4725210,67503.0,PAÑALES
PAÑAL BABY DREAMS 2 X 100,65,4104360,63144.0,PAÑALES
PAÑAL BABY DREAMS 2 X 30,57,1146840,20120.0,PAÑALES
CREMA ANTIPAÑALITIS HAPPY & SOFT X 250,57,912000,16000.0,PAÑALES
SHAMPOO ARRURRU X 120 CABELLO CLARO,57,477375,8375.0,ESTUCHES Y KITS REGALO
SHAMPOO ARRURRU X120 CABELLO OSCURO,57,477375,8375.0,ESTUCHES Y KITS REGALO
PAÑAL BABY DREAMS 4 X 50,55,2405975,43745.0,PAÑALES
TALCO PEQUITAS X 200,53,614853,11601.0,HIGIENE PERSONAL
PAÑAL WINNY 2*100,52,4062708,78129.0,PAÑALES
PAÑAL BABY DREAMS 4 X 30,52,1398800,26900.0,PAÑALES
BAÑO LIQUIDO ARRURRU X 220 ORIGINAL,52,711828,13689.0,ESTUCHES Y KITS REGALO
CREMA MEDICADA N 4 X 60,51,1066869,20919.0,CREMAS Y CUIDADO PIEL
CONTENT MEDICAL M X 9,51,1049529,20579.0,OTROS
PAÑAL WINNY PANTS ETP 6 X 30,50,2056900,41138.0,PAÑALES
SHAMPOO 2 EN 1 ARRURRU X 400 DELICADA NUTRICION,50,909850,18197.0,ESTUCHES Y KITS REGALO
COLONIA ARRURRU X 400 AZUL,49,1726319,35231.0,ESTUCHES Y KITS REGALO
PAÑAL TENA SLIP ULTRA M X 21,48,2958816,61642.0,PAÑALES
PAÑAL WINNY 2 ULTRA *30,45,1054755,23439.0,PAÑALES
CREMA ARRURRU ANTIPAÑALITIS X 100 + 25,43,1268715,29505.0,PAÑALES
SHAMPOO 2 EN 1 ARRURRU X 220 DELICADA NUTRICION,43,566740,13180.0,ESTUCHES Y KITS REGALO
CREMA ARRURU X120 SUAVIDAD Y HUMECTACION,43,358835,8345.0,CREMAS Y CUIDADO PIEL
PAÑAL WINNY 4 ULTRA *50,41,2283044,55684.0,PAÑALES
PAÑAL WINNY 5 ULTRA *30,41,1550251,37811.0,PAÑALES
CREMA HUMECTANTE ARRURRU X 400 ORIGINAL,41,753539,18379.0,ESTUCHES Y KITS REGALO
GEL BIO HERBAL ALOE VERA * 250,38,449312,11824.0,OTROS
PAÑAL WINNY 3 X 100,37,3385093,91489.0,PAÑALES
PAÑAL BABY DREAMS 3 X 50,36,1255572,34877.0,PAÑALES
PAÑITO WINNY X 24,35,100485,2871.0,PAÑALES
CREMA ARRURRU X 800 DELICADA NUTRICION,34,982192,28888.0,ESTUCHES Y KITS REGALO
PAÑAL TENA SLIP ULTRA L X 21,33,2112264,64008.0,PAÑALES
COPITOS TIERNITOS X 250,33,280500,8500.0,OTROS
CREMA DEPILEX FACIAL PIEL SENSIBLE X 30G,33,244002,7394.0,CREMAS Y CUIDADO PIEL
PAÑAL BABY DREAMS 1 X 50,32,926720,28960.0,PAÑALES
CREMA ANTIPAÑALITIS ALMIPRO X 125,32,799680,24990.0,PAÑALES
CONTENT MEDICAL L X 9,32,753984,23562.0,OTROS
ACONDICIONADOR ARRURRU X 400 CABELLO CLARO,32,513696,16053.0,ESTUCHES Y KITS REGALO
PAÑAL BABY DREAMS 1 X 30,31,555830,17930.0,PAÑALES
TENA SLIP ULTRA M X 9,30,766620,25554.0,OTROS
ALMIPRO CREMA EMOLIENTE CUERPO X 400,30,612000,20400.0,CREMAS Y CUIDADO PIEL
PAÑAL BEBEX 1 X 25+5,30,448590,14953.0,PAÑALES
CREMA ARRURRU ANTIPAÑALITIS X 25G,29,203290,7010.0,PAÑALES
PAÑAL WINNY GOLD ET 6 X 50,28,2151968,76856.0,PAÑALES
PAÑAL WINNY 2 ULTRA *50+PAÑITOS,26,1015664,39064.0,PAÑALES
SHAMPOO Y BAÑO LIQUIDO ARRURU 2 EN 1 X 400 ORIGINAL,26,473122,18197.0,HIGIENE PERSONAL
PAÑAL BABY DREAMS 5 X 30,25,798650,31946.0,PAÑALES
SHAMPOO ARRRURU X 220 CABELLO OSCURO,25,304725,12189.0,HIGIENE PERSONAL
PAÑAL BABY DREAMS 2 X 50,21,700959,33379.0,PAÑALES
PAÑAL WINNY GOLD 3 X 60,20,1282480,64124.0,PAÑALES
PAÑAL WINNY SENSITIVE 1 X 50,20,755820,37791.0,PAÑALES
TOALLITAS WINNY ALOE X 324,20,528120,26406.0,PAÑALES
CREMA N4 NATURAL X 90,19,553052,29108.0,CREMAS Y CUIDADO PIEL
SHAMPOO ARRURU X 750 SUAVIDAD Y HUMECTACION,19,507376,26704.0,HIGIENE PERSONAL
TOALLITAS WINNY RECIEN NACIDO REP X 160,19,316369,16651.0,PAÑALES
PAÑAL WINNY SENSITIVE 2 X 70,18,1138230,63235.0,PAÑALES
JABON INTIMO NIÑAS INTIBON CALENDULA X 210,18,265608,14756.0,HIGIENE PERSONAL
CONTENT MEDICAL M X 21,17,680595,40035.0,OTROS
KIT RECIEN NACIDO WINNY,17,628864,36992.0,PAÑALES
PAÑAL BEBEX 5 X 25+5,17,446131,26243.0,PAÑALES
WINNY GOLD ET 4 X 50,16,1030144,64384.0,PAÑALES
TENA PANTS ULTRA L X 10,16,689664,43104.0,OTROS
PROTECTOR SOLAR SUNPRO X 120,16,463504,28969.0,CREMAS Y CUIDADO PIEL
TOALLITAS WINNY AVENA MIEL X 200,16,374240,23390.0,PAÑALES
CREMA ARRU-RU X 220 SUAVIDAD Y HUMECTACION,16,191296,11956.0,CREMAS Y CUIDADO PIEL
PROTECTOR SOLAR BABIES SUNPRO X 140,15,630255,42017.0,CREMAS Y CUIDADO PIEL
CREMA N4 PROTECT X 110,15,494505,32967.0,CREMAS Y CUIDADO PIEL
PAÑAL WINNY PANTS 4X30,14,482244,34446.0,PAÑALES
CREMA ARRURU X 400 SUAVIDAD Y HUMECTACION,14,257306,18379.0,CREMAS Y CUIDADO PIEL
CREMA N4 NATURAL 20G,14,129262,9233.0,CREMAS Y CUIDADO PIEL
PAÑAL WINNY 4 X 100,13,1432899,110223.0,PAÑALES
PAÑAL WINNY GOLD 5 X 50,12,847452,70621.0,PAÑALES
PAÑAL BABY DREAMS 5 X 50,10,520330,52033.0,PAÑALES
JABON INTIMO INTIBON CALENDULA X 120,9,77220,8580.0,HIGIENE PERSONAL
PAÑAL WINNY PANTS 4X50,8,445472,55684.0,PAÑALES
PAÑAL WINNY 4 ULTRA *30,8,275568,34446.0,PAÑALES
TENA SLIP ULTRA XL X 9,8,264320,33040.0,OTROS
PAÑAL TENA SLIP CLASICO L X 9,8,201880,25235.0,PAÑALES
CREMA DEPILEX BIKINI Y AXILAS 2X1,8,142584,17823.0,CREMAS Y CUIDADO PIEL
SHAMPOO ARRURRU X 400 CABELLO CLARO,8,128424,16053.0,ESTUCHES Y KITS REGALO
SHAMPOO ARRURRU X 220 CABELLO CLARO,8,97512,12189.0,ESTUCHES Y KITS REGALO
CREMA ANTIPAÑALITIS ALMIPRO X 30,8,63664,7958.0,PAÑALES
PAÑAL TENA PANTS CLASICO L X 16,7,296548,42364.0,PAÑALES
CREMA ARRURU X 800 SUAVIDAD Y HUMECTACION,7,202216,28888.0,CREMAS Y CUIDADO PIEL
CREMA ARRURU X 400 SUAVIDAD Y HUMEC +SHAMPOO X 220 SUAVIDAD Y HUMEC,7,173334,24762.0,HIGIENE PERSONAL
PAÑAL WINNY SENSITIVE 2 X 40,6,216816,36136.0,PAÑALES
TENA SLIP CLASICO XL X 9,6,163236,27206.0,OTROS
JABÃ³N ARRURU X 110 SUAVIDAD Y HUMECTACION,5,21850,4370.0,OTROS
PANAL TENA SLIP CLASICO L X 21,4,190116,47529.0,PAÑALES
CREMA DEPILEX 2X1 PIEL SENSIBLE,4,71288,17822.0,CREMAS Y CUIDADO PIEL
COLONIA ARRURRU ROSADA X 120,4,69956,17489.0,ESTUCHES Y KITS REGALO
TOALLITAS X 160 WINNY CAJA,3,59277,19759.0,PAÑALES
CREMA HUMECTANTE ARRURU X 220 ORIGINAL,2,23918,11959.0,CREMAS Y CUIDADO PIEL
SHAMPO ARRURRU SUAVIDAD Y HUM X 220+CREMA HUM X 120,1,16400,16400.0,ESTUCHES Y KITS REGALO
VAJILLA J 2204029,1,8208,8208.0,OTROS
CHUPO ONLY BL 2412+055,7482,5589054,747.0,BIBERONES Y EXTRACTORES
REPUESTO MALLA FRUTA BL 2412+096,5918,3000426,507.0,OTROS
MEDIA BABY LUCKY JMA 1908 - 15,4822,19726802,4091.0,ROPA Y TEXTIL
CHUPO CUCHARA 6198,4518,4052646,897.0,BIBERONES Y EXTRACTORES
RECOLECTORAS LACT BABY,2356,5418800,2300.0,OTROS
CEPILLO DEDO DR GYM BL 2306 - 51,2178,2519946,1157.0,OTROS
MEDIA BABY LUCKY JMA 1908 - 16,2174,6021980,2770.0,ROPA Y TEXTIL
GORRO JMA 19 - 2,1737,6683976,3848.0,OTROS
CHUPO POPOCHO GRAN ANDINA SILICONA 1833,1691,2216901,1311.0,BIBERONES Y EXTRACTORES
BAÑERA SOPORTE PRAKTIPLAS,1209,30737616,25424.0,BAÑO BEBÉ (BAÑERAS Y BACINES)
LLAMADIENTE BOOGY 21383,1191,4493643,3773.0,OTROS
LLAMADIENTE GUANTE FINEST BABY JMA 1908 - 22 A,1170,6957990,5947.0,OTROS
REDUCTOR BAÑO BOOGY AGARRADERA,1088,19412096,17842.0,ACCESORIOS BEBÉ
SONAJERO BABY RING X 3 BL 2306 - 163,1077,4784034,4442.0,JUGUETES Y ACCESORIOS
SONAJERO BABY RING X 3 BL 2306 - 162,1075,4610675,4289.0,JUGUETES Y ACCESORIOS
BACINILLA OSO PRAKTIPLAS,1037,14527333,14009.0,BAÑO BEBÉ (BAÑERAS Y BACINES)
LLAMADIENTE GUANTE ONLY BL 2306-20,1030,5494020,5334.0,OTROS
SONAJERO BABY RING X 3 BL 2306 - 161,1027,4404803,4289.0,JUGUETES Y ACCESORIOS
EXTRACTOR DR GYM BL 2306 - 58,1002,3284556,3278.0,BIBERONES Y EXTRACTORES
VASO SIPPER CUP PRAKTIPLAS,1002,1560114,1557.0,OTROS
BABERO PLASTICO GRANDE BL 2306-365,905,1473340,1628.0,ROPA Y TEXTIL
TAPETE FOMY TAP 03 X 10,897,10315500,11500.0,JUGUETES Y ACCESORIOS
ASAS MR BABY 0128,892,473652,531.0,OTROS
COMEDOR INFANTIL PRAKTIPLAS,852,14806908,17379.0,MOBILIARIO INFANTIL
ENTRETENEDOR ONLY BL 2306-33,850,1961800,2308.0,OTROS
BABERO PLASTICO BL 2306 - 73,847,1346730,1590.0,ROPA Y TEXTIL
BAÑERA PEQUEÑA PRAKTIPLAS,840,10459680,12452.0,BAÑO BEBÉ (BAÑERAS Y BACINES)
TETERO 11 ONZ ONLY A 1,820,4100000,5000.0,BIBERONES Y EXTRACTORES
REDUCTOR BAÑO AGARRADERAS SOFT BABY BL 2306 - 76,812,11450012,14101.0,ACCESORIOS BEBÉ
ENTRETENEDOR MAGEMIOR ONLY BL 2306-34,806,1817530,2255.0,OTROS
MEDIA BABY SOCKS X 3 JMA 1908 - 18,778,4321012,5554.0,ROPA Y TEXTIL
CEPILLO PEINE ONLY BL 2306-29,773,2736420,3540.0,OTROS
SET DECORACION BABY SHOWER FF - 20,744,1504368,2022.0,ESTUCHES Y KITS REGALO
PELUCHE SONAJERO SK BABY SKK 12,732,7259976,9918.0,JUGUETES Y ACCESORIOS
REDUCTOR BAÑO BABY DISNEY,722,13575044,18802.0,ACCESORIOS BEBÉ
CAMINADOR GUIADOR BEBESITO 88-7T,709,55940100,78900.0,CAMINADORES Y MONTABLES
BABERO PLASTICO BL 2306-366,699,957630,1370.0,ROPA Y TEXTIL
BAÑERA MULTIFUNCIONAL PRAKTIPLAS,697,12223289,17537.0,BAÑO BEBÉ (BAÑERAS Y BACINES)
TETERO PITILLO ONLY BABY 23+33,678,5839614,8613.0,BIBERONES Y EXTRACTORES
CUCHARA SILICONA X 2 J 2204030,664,3891704,5861.0,OTROS
REDUCTOR BAÑO BOOGY ECONOMICO,659,8534050,12950.0,ACCESORIOS BEBÉ
MALLA FRUTA ONLY BL 2306-35,651,2713368,4168.0,OTROS
LLAMADIENTE BOOGY 21382,646,2458030,3805.0,OTROS
TETERO ONLY 2 ONZ C 63,642,1497786,2333.0,BIBERONES Y EXTRACTORES
BACIN LOCO PRAKTIPLAS,615,14295060,23244.0,BAÑO BEBÉ (BAÑERAS Y BACINES)
ENTRETENEDOR ONLY BL 2306-18,613,3424831,5587.0,OTROS
TETERO ONLY 4 ONZ A 3,606,2540352,4192.0,BIBERONES Y EXTRACTORES
ENTRETENEDOR MAGEMIOR LOT 085,596,1697408,2848.0,OTROS
LLAMADIENTE SILICONA BL 2306 - 392,589,1865363,3167.0,OTROS
GANCHO PAÑAL INFANTEC X 4 ND 7103,585,2249910,3846.0,PAÑALES
SONAJERO X 3 BABY RATTLES BL 2306-191,583,1610829,2763.0,JUGUETES Y ACCESORIOS
KIT DE ASEO BABY CARE KIT BL 2412+110,567,2232846,3938.0,OTROS
PEZONERA ONLY BABY C 39,564,1442712,2558.0,BIBERONES Y EXTRACTORES
MALLA FRUTA ONLY BL 2306-36,563,2267764,4028.0,OTROS
MALLA FRUTA BOOGY 21470,561,5246472,9352.0,OTROS
ORINAL PINGUINO PRAKTIPLAST,552,4730088,8569.0,BAÑO BEBÉ (BAÑERAS Y BACINES)
TETERO 8 ONZ ONLY A 2,546,2524158,4623.0,BIBERONES Y EXTRACTORES
BACINILLA MULTIUSOS PRAKTIPLAS,508,8697976,17122.0,BAÑO BEBÉ (BAÑERAS Y BACINES)
SONAJERO X 3 BABY RATTLES BL 2306-192,508,1350772,2659.0,JUGUETES Y ACCESORIOS
EXTRACTOR BOOGY 16653,506,2976292,5882.0,BIBERONES Y EXTRACTORES
LIMA ELECTRICA BEBE 7350 K,499,3161664,6336.0,OTROS
BACIN TRONO PRAKTIPLAS,497,11552268,23244.0,BAÑO BEBÉ (BAÑERAS Y BACINES)
ENTRETENEDOR CADENA BOOGY 21486,492,2390628,4859.0,OTROS
MONTABLE SPEEDY CAMPIONI,480,38353440,79903.0,CAMINADORES Y MONTABLES
CEPILLO DEDO ONLY BL 2306-21,477,1426707,2991.0,OTROS
CHILLON ANIMAL TOYS X 10 BL 2306 - 150,476,3307724,6949.0,OTROS
GORRO JMA 19 - 1,468,1327716,2837.0,OTROS
CEPILLO DEDO ESTUCHE DR GYM BL 2306 - 56,462,728574,1577.0,ESTUCHES Y KITS REGALO
ENTRETENEDOR BOOGY 20356,459,1301265,2835.0,OTROS
BABERO PORTACOMIDA BL 2306 - 72,457,1081262,2366.0,ROPA Y TEXTIL
MONTABLE PASEADOR 3 EN 1 CAMPIONI,456,36435768,79903.0,CAMINADORES Y MONTABLES
SET ASEO NOOR NOS 178,452,3124224,6912.0,OTROS
ENTRETENEDOR SILICONA DR GYM BL 2306 - 64,441,603729,1369.0,OTROS
RODILLERA BOOGY 21397,440,2115520,4808.0,OTROS
ENTRETENEDOR DR GYM BL 2306 - 55,438,1298670,2965.0,OTROS
LLAMADIENTES BOOGY 21422,428,1492864,3488.0,OTROS
ENTRETENEDOR MARIQUITA DR GYM BL 2306 - 67,427,1028643,2409.0,OTROS
COMEDOR CONEJO PRAKTIPLAS,417,8600625,20625.0,MOBILIARIO INFANTIL
SONAJERO BABY TOYS X 3 BL 2306Â -Â 189,393,1360173,3461.0,JUGUETES Y ACCESORIOS
TETERO ONLY BABY BL 2024+84,386,2883034,7469.0,BIBERONES Y EXTRACTORES
VAJILLA SUCTION BOWL BL 2412+092,381,2337054,6134.0,OTROS
RODILLERA BOOGY 21398,381,1688973,4433.0,OTROS
CUCHARA SILICONA X 2 ONLY BL 2306-25,377,1048814,2782.0,OTROS
TETERO ONLY 2 ONZ A 60,373,1266335,3395.0,BIBERONES Y EXTRACTORES
EXTRACTOR ONLY A 242,367,5471603,14909.0,BIBERONES Y EXTRACTORES
ENTRETENEDOR CADENA ONLY 24+25M,367,953833,2599.0,OTROS
BABERO BOOGY 20826,358,1477824,4128.0,ROPA Y TEXTIL
RODILLERA X 0084,355,1903510,5362.0,OTROS
REDUCTOR DE BAÑO PRAKTIPLAS,354,4775460,13490.0,HIGIENE PERSONAL
ENTRETENEDOR MAGEMIOR LOT - 8,346,987484,2854.0,OTROS
BACIN MONKEY PRAKTIPLAS,345,10024320,29056.0,BAÑO BEBÉ (BAÑERAS Y BACINES)
GUANTE MORDEDOR BOOGY 21427,344,4070208,11832.0,JUGUETES Y ACCESORIOS
GUANTE MORDEDOR BOOGY 21426,341,4034712,11832.0,JUGUETES Y ACCESORIOS
BOLSA LECHE MATERNA X 50 BOOGY 18851,340,6970000,20500.0,CUIDADO FEMENINO Y MATERNIDAD
CHUPO X 2 ONLY 0+ A 6,334,863056,2584.0,BIBERONES Y EXTRACTORES
SET ASPIRADOR NASAL BL 2412/111,333,762903,2291.0,OTROS
SONAJERO MUSICAL INSTRUMENTS X 4 BL 2306 - 164,324,1601856,4944.0,JUGUETES Y ACCESORIOS
SET DE ASEO ONLY BL 2306-28,324,1014120,3130.0,OTROS
ENTRETENEDOR DR GYM BL 2306 - 63,324,558900,1725.0,OTROS
SET ASEO BOOGY 21425,321,1746561,5441.0,OTROS
CHILLON FUNNY X 6 BL 2306 - 102,319,1753543,5497.0,OTROS
ENTRETENEDOR MAGEMIOR 202,319,882673,2767.0,OTROS
REDUCTOR BAÑO AGARRADERAS BL 2306 - 75,311,4356177,14007.0,ACCESORIOS BEBÉ
MANIJA SKK BABY SKK 2,311,2985600,9600.0,OTROS
BABERO SILICONA BABY BIBS BL 2306-348,310,1745610,5631.0,ROPA Y TEXTIL
BACINILLA RANA PRAKTIPLAS,310,1608590,5189.0,BAÑO BEBÉ (BAÑERAS Y BACINES)
ENTRETENEDOR DR GYM BL 2306 - 54,309,1048746,3394.0,OTROS
CHILLON FUNNY X 5 BL 2306 - 107,298,1765352,5924.0,OTROS
TETERO ONLY BABY 11 ONZ BL 2412+058,295,1883575,6385.0,BIBERONES Y EXTRACTORES
DISPENSADOR FRUTA ONLY BRIANA 51,295,1316585,4463.0,OTROS
TETERO SLICONA ONLY 23+74,291,4012890,13790.0,BIBERONES Y EXTRACTORES
CHILLON FUNNY X 5 BL 2306 - 111,291,1640949,5639.0,OTROS
REDUCTOR BB SOFT BABY - 1,288,3167424,10998.0,OTROS
GUANTE MORDEDOR BOOGY 21428,286,2950376,10316.0,JUGUETES Y ACCESORIOS
LLAMADIENTE BOOGY 21423,286,827398,2893.0,OTROS
ENTRETENEDOR SILICONA INFANTEC GB 0760,282,1470066,5213.0,OTROS
LLAMADIENTES INFANTEC GBW 0817,279,1230111,4409.0,OTROS
SET MANICURE BOOGY 20717,278,1005804,3618.0,OTROS
LLAMADIENTE GUANTE BABY GUM FZ 310,277,1916563,6919.0,OTROS
CEPILLO PEINE ONLY BL 2306-30,277,980580,3540.0,OTROS
MALLA FRUTA LLAMADIENTE DR GYM BL 2306 - 66,273,1399671,5127.0,OTROS
DISPENSADOR FRUTA ONLY BRIANA 52,273,1146600,4200.0,OTROS
SONAJERO X 8 LUCKY KING BL 2306-237,271,2032229,7499.0,JUGUETES Y ACCESORIOS
CARRO MONTABLE PERRO PRAKTIPLAS,270,10366650,38395.0,CAMINADORES Y MONTABLES
MALLA FRUTA BOOGY 21476,269,1866322,6938.0,OTROS
LLAMADIENTES INFANTEC BIP 1024,269,1035112,3848.0,OTROS
CHILLON X 8 LOVE BL 2306 - 151,265,1149570,4338.0,OTROS
CARRO MONTABLE TRAIL PRAKTIPLAS,261,10021095,38395.0,CAMINADORES Y MONTABLES
BABITAS MINIMI X 6 AC 03 - 601,260,3148600,12110.0,OTROS
LLAMADIENTE BOOGY 21454,256,3503104,13684.0,OTROS
MALLA FRUTA BOOGY 21431,255,2494920,9784.0,OTROS
ENTRETENEDOR CADENA BOOGY 33261,254,1172464,4616.0,OTROS
MEDIA X 3 BABY LUCK J 2204057,253,1264241,4997.0,ROPA Y TEXTIL
SONAJERO X 6 BABY RATTLE BL 2306-238,248,1321096,5327.0,JUGUETES Y ACCESORIOS
BOLSA LECHE MATERNA FINEST X 30 BL 2306 - 57,246,1809084,7354.0,CUIDADO FEMENINO Y MATERNIDAD
TETERO MEDICINAL DR GYM DG 102,244,682224,2796.0,BIBERONES Y EXTRACTORES
VOLQUETA GRANDE CAMPIONI,242,2762430,11415.0,OTROS
ENTRETENEDOR CADENA BOOGY 21485,241,1287904,5344.0,OTROS
CARGADOR POLOK BABY BL 2412+106,240,4290720,17878.0,OTROS
CADENA BOOGY 21925,237,548181,2313.0,OTROS
LLAMADIENTE BOOGY 20803,235,1900210,8086.0,OTROS
ASPIARDOR NASAL BOOGY 20931,235,1378510,5866.0,OTROS
CHILLON FUNNY X 5 BL 2306 - 109,234,1487070,6355.0,OTROS
CHILLON FUNNY X 5 BL 2306 - 106,234,1336140,5710.0,OTROS
CEPILLO PEINE BOOGY 33463,234,1251432,5348.0,OTROS
LLAMADIENTE SONAJERO BL 2306 - 391,233,750493,3221.0,JUGUETES Y ACCESORIOS
VASO PITILLO ONLY BL 2024+21,230,1334230,5801.0,OTROS
MOVIL CUNA BABE BED BELL BL 2306-255,229,5778586,25234.0,MOBILIARIO INFANTIL
LLAMADIENTE BOOGY 33465,228,1908360,8370.0,OTROS
SONAJERO X 8 BABY RATTLE BL 2306-236,228,1670100,7325.0,JUGUETES Y ACCESORIOS
BOLSA LECHE MATERNA X 30 INFANTEC BIP 1335,227,4120504,18152.0,CUIDADO FEMENINO Y MATERNIDAD
CUCHARA SILICONA BOOGY 21936,227,1087784,4792.0,OTROS
ESCOBILLON TETEROS X 3 ONLY BABY 23+97,226,1456118,6443.0,BIBERONES Y EXTRACTORES
ENTRETENEDOR X 2 BOOGY 33262,226,1280290,5665.0,OTROS
SONAJERO BABY X 2 BL 2306 - 160,226,821736,3636.0,JUGUETES Y ACCESORIOS
BALETA PELUCHE TOLELE BL 2306 - 358,224,1522528,6797.0,JUGUETES Y ACCESORIOS
GANCHO PAÑAL X 12 BOOGY 20699,220,1183380,5379.0,PAÑALES
JABONERA GB1072,219,347334,1586.0,HIGIENE PERSONAL
ENTRETENEDOR INFANTEC BIP 1087,218,1270940,5830.0,OTROS
ENTRETENEDOR NOOR NOS 30,217,1494479,6887.0,OTROS
CHILLON X 6 BABY TOYS BL 2306 - 153,215,1336010,6214.0,OTROS
TIJERA WAKIDS 75460,215,441610,2054.0,OTROS
MOVIL MUSICAL PELUCHE HAPPY SHAKING BL 2306 - 259,214,6853564,32026.0,JUGUETES Y ACCESORIOS
PELUCHE MUSICAL LELEBE YMY 612,212,4283672,20206.0,JUGUETES Y ACCESORIOS
CHILLON FUNNY X 6 BL 2306 - 112,212,1543572,7281.0,OTROS
LLAMADIENTE INFANTEC BIP 1459,211,1413700,6700.0,OTROS
REDUCTOR BAÑO POTTY SEAT BL 2306 - 74,209,1902945,9105.0,ACCESORIOS BEBÉ
LLAMADIENTE ONLY BL 2306-17,209,443707,2123.0,OTROS
PORTALECHE BOOGY 19963,204,1260312,6178.0,ALIMENTOS Y BEBIDAS
ASPIRADOR NASAL BOOGY 20947,204,1224612,6003.0,OTROS
VASO BOOGY 20853,201,2048994,10194.0,OTROS
VASO 16 ONZ BOOGY 33464,196,1957648,9988.0,OTROS
GOTERO CUCHARA BOOGY 21404,195,1016535,5213.0,OTROS
ENTRETENEDOR CADENA BOOGY 20932,195,963690,4942.0,OTROS
DISPENSADOR MEDICINA CHICCO C 18,195,861120,4416.0,OTROS
ASPIRADOR NASAL ONLY BL 2306-16,195,567840,2912.0,OTROS
CARGADOR AIEBAO BL 2412+098,191,4543317,23787.0,COCHES Y PORTEO
MOVIL MUSICAL HAPPY SHAKING BL 2306 - 258,187,6572676,35148.0,OTROS
LLAMADIENTES BOOGY 21461,184,1833744,9966.0,OTROS
CAMINADOR GUIADOR BEBESITO 88-1T,182,13208468,72574.0,CAMINADORES Y MONTABLES
CHILLON FUNNY X 6 BL 2306 - 113,182,1325142,7281.0,OTROS
LLAMADIENTE BOOGY 21920,180,1444500,8025.0,OTROS
SONAJERO BABY RATTLE X 5 BL 2306 - 165,180,1213740,6743.0,JUGUETES Y ACCESORIOS
PLATO SILICONA BL 2024+47,179,1941076,10844.0,OTROS
TETERO 15 OZ BOOGY 21482,178,2675696,15032.0,BIBERONES Y EXTRACTORES
CHILLON FUNNY X 5 BL 2306 - 110,178,1054472,5924.0,OTROS
TETERO SILICONA BOOGY CUCHARA 19222,176,1521520,8645.0,BIBERONES Y EXTRACTORES
BABERO SILICONA HONEY BABY BL 2306-347,176,989296,5621.0,ROPA Y TEXTIL
CORTAUÑAS LUPA BOOGY 20769,174,827370,4755.0,OTROS
TOCADOR CASTILLO PRINCESS,172,4819096,28018.0,MOBILIARIO INFANTIL
RED CHILLON X 3 FUNNY BL 2306 - 99,172,1316316,7653.0,OTROS
PAÑALERA CHICCO BL 2412+015,170,6474790,38087.0,PAÑALES
ENTRETENEDOR ONLY BL 2306-39,170,1006740,5922.0,OTROS
MAMELUCO X 5 MANGA SISA TEDMIMAK 66007,167,4242301,25403.0,OTROS
TETERO 16 ONZ BOOGY 21970,167,2161815,12945.0,BIBERONES Y EXTRACTORES
CEPILLO PEINE BABY MUSICIAN BL 2306-32,166,576020,3470.0,OTROS
PAÑALERA DEELLT BL 2412+018,164,6248400,38100.0,PAÑALES
SILLA INFANTIL ARMATY ORIGINAL,162,2051082,12661.0,OTROS
PORTALECHE BOOGY 20670,161,949900,5900.0,ALIMENTOS Y BEBIDAS
MOVIL MUSICAL PASTA HAPPY SHAKING BL 2306 - 242,160,3716960,23231.0,OTROS
LLAMADIENTE BOOGY 20800,160,1308000,8175.0,OTROS
PAÑALERA DEELLT BL 2412+017,159,6033414,37946.0,PAÑALES
CHILLON X 8 LOVE BL 2306 - 154,159,727743,4577.0,OTROS
GOTERO MEDICINAL 20921,159,273162,1718.0,OTROS
PELUCHE VIBRADOR TOLELE BL 2306 - 353,158,2384852,15094.0,JUGUETES Y ACCESORIOS
RED CHILLON X 4 FUNNY BL 2306 - 100,158,1362592,8624.0,OTROS
TETERO CUCHARA FRUTA ONLY BL 2306-23,157,1275625,8125.0,BIBERONES Y EXTRACTORES
MANIJA LELEBE YMY 608,156,1269216,8136.0,OTROS
TABLET DIDACTICA DINOSAURIOS SMART BL 2306 - 144,156,837096,5366.0,OTROS
CUCHARA SILICONA INFAN TEC GB 0662,156,810732,5197.0,OTROS
ESCOBILLON NOOR NOS 164,156,543816,3486.0,OTROS
MOVIL MUSICAL PASTA HAPPY SHAKING BL 2306 - 241,155,3600805,23231.0,OTROS
SONAJERO BABY X 2 BL 2306 - 159,155,563580,3636.0,JUGUETES Y ACCESORIOS
VASO 10 OZ BOOGY 21387,154,1506890,9785.0,OTROS
CHUPO X 2 ONLY 3+ A 7,154,397936,2584.0,BIBERONES Y EXTRACTORES
SONAJERO BABY X 2 BL 2306 - 158,153,556308,3636.0,JUGUETES Y ACCESORIOS
PAÑALERA DEELLT BL 2412+016,151,5766690,38190.0,PAÑALES
MANTILLA RACCON BABY AH02-511,150,4052400,27016.0,OTROS
MALLA FRUTA INFANTEC BIP 1480,150,1674750,11165.0,OTROS
DIDACTICO MINI CAMERA HJ 8029,150,1150350,7669.0,OTROS
JABONERA OSO X 3 J 23417-2,150,735000,4900.0,HIGIENE PERSONAL
CHILLON X 6 BATH TOYS BL 2306 - 148,149,984890,6610.0,OTROS
LLAMADIENTE X 2 DR GYM BL 2306 - 62,149,490210,3290.0,OTROS
PAÑALERA DEELLT BL 2412+020,145,4112925,28365.0,PAÑALES
ESCOBILLON BOOGY 20676,145,1065170,7346.0,OTROS
CHILLON FUNNY X 5 BL 2306 - 104,145,776330,5354.0,OTROS
SONAJERO MUSICAL INSTRUMENTS X 6 BL 2306 - 166,143,1344629,9403.0,JUGUETES Y ACCESORIOS
CHILLON X 6 BATH TOYS BL 2306 - 152,142,568000,4000.0,OTROS
MOVIL CUNA BABE BED BELL BL 2306-256,141,3656412,25932.0,MOBILIARIO INFANTIL
DIDACTICO ANIMAL MUSIC BL 2306 - 187,141,1773780,12580.0,OTROS
SET CUCHARAS BOOGY 20647,141,1221342,8662.0,OTROS
ENTRETENEDOR ONLY BL 2306 - 40,141,785793,5573.0,OTROS
SET DE ASEO ONLY BL 2306-46,141,607287,4307.0,OTROS
TETERO ONLY 11 ONZ A 1DJ,140,923020,6593.0,BIBERONES Y EXTRACTORES
PAÑALERA DEELLT BL 2412+019,138,4472856,32412.0,PAÑALES
MAMELUCO TEDMIMAK X 5 MANGA LARGA X 66002,138,4060098,29421.0,OTROS
CHILLON FUNNY X 5 BL 2306 - 105,138,876576,6352.0,OTROS
CEPILLO PEINE BOOGY 21950,138,785772,5694.0,OTROS
CEPILLO INFAN TEC BIP 1295,138,777354,5633.0,OTROS
ENTRETENEDOR MAGIC FOREST BIP 1222,138,628038,4551.0,OTROS
ENTRETENEDOR CADENA BOOGY 18628,137,883239,6447.0,OTROS
CHILLON FUNNY X 4 BL 2306 - 108,136,932144,6854.0,OTROS
JABONERA BOOGY 17370,136,343536,2526.0,HIGIENE PERSONAL
PLATO OVNI ANTIDERRAME BL 2412+090,134,1346968,10052.0,OTROS
PAÑALERA CHICCO BL 2412+023,133,4980185,37445.0,PAÑALES
CUCHARA INFAN TEC BIP 1226,133,668192,5024.0,OTROS
SILLA PRAKTICOMEDOR INFANTIL,132,10273296,77828.0,MOBILIARIO INFANTIL
PISTA DIDACTICA DUDU TRAIN 65123,132,3588948,27189.0,OTROS
PELUCHE MUSICAL BABY FANS FK 8013,132,2616768,19824.0,JUGUETES Y ACCESORIOS
DIDACTICO MINI RADI HJ 8019,132,1016928,7704.0,OTROS
TABLET DIDACTICA GATO SMART BL 2306 - 143,132,708312,5366.0,OTROS
TETERO 2 OZ BOOGY 21930,132,490248,3714.0,BIBERONES Y EXTRACTORES
SET DE CEPILLOS BOOGY 21977,131,1037651,7921.0,OTROS
EXTRACTOR BOOGY 20069,131,1008700,7700.0,BIBERONES Y EXTRACTORES
ARNES MOBY BABY 800,130,1669330,12841.0,OTROS
CINTA INFANTEC BIP 1039,130,668720,5144.0,OTROS
SONAJERO X 4 BABY RATTLE BL 2306 - 196,130,579150,4455.0,JUGUETES Y ACCESORIOS
MALLA FRUTA INFANTEC BIP 1404,128,1110272,8674.0,OTROS
TETERO 15 OZ BOOGY 21475,127,1747774,13762.0,BIBERONES Y EXTRACTORES
BUTACO PEQUEÑO STICKER ARMATY,127,1091057,8591.0,OTROS
TETERO 2 OZ INFAN TEC GB 1219,127,529463,4169.0,BIBERONES Y EXTRACTORES
ENTRETENEDOR INFANTE GB-1087,126,749448,5948.0,OTROS
ENTRETENEDOR CADENA BOOGY 33265,126,666540,5290.0,OTROS
LLAMADIENTE BOOGY 21453,126,639954,5079.0,OTROS
SONAJERO X 4 BABY TOYS BL 2306 - 195,126,599382,4757.0,JUGUETES Y ACCESORIOS
VASO MULTIUSOS BOOGY 18120,125,1097375,8779.0,OTROS
TETERO SILICONA INFAN TEC BIP 1331,124,1327916,10709.0,BIBERONES Y EXTRACTORES
MALLA FRUTA BOOGY 20920,124,1032548,8327.0,OTROS
SILLA INFANTIL ARMATY DIDACTICA PELETIZADO,122,995764,8162.0,OTROS
MOVIL MUSICAL PELUCHE HAPPY SHAKING BL 2306 - 257,121,3228522,26682.0,JUGUETES Y ACCESORIOS
SONAJERO X 4 BABY STAR BL 2306 - 194,121,561319,4639.0,JUGUETES Y ACCESORIOS
CEPILLO DEDO INFANTEC GB 1380,121,551276,4556.0,OTROS
DIDACTICO RADIO HJ 8087,120,1140000,9500.0,OTROS
ENTRETENEDOR INFANTEC BIP 1143,120,557400,4645.0,OTROS
CEPILLO PEINE ONLY BL 2306-31,120,533640,4447.0,OTROS
ENTRETENDOR BOOGY 33256,120,392520,3271.0,OTROS
VASO 13 OZ BOOGY 21413,119,1440614,12106.0,OTROS
ESTUCHE ASEO BABY CARE KIT BL 2412+109,119,910350,7650.0,ESTUCHES Y KITS REGALO
CARGADOR ARNES BL 2306 - 274,118,3129006,26517.0,OTROS
VASO INFAN TEC BIP 1348,118,1892248,16036.0,OTROS
SONAJERO PELUCHE TOLELE BL 2306 - 346,118,1502494,12733.0,JUGUETES Y ACCESORIOS
CARGADOR ARNES BL 2306 - 275,116,2225924,19189.0,OTROS
SONAJERO PELUCHE BABYFANS BL 2306 - 345,116,1583168,13648.0,JUGUETES Y ACCESORIOS
VASO 11 OZ BOOGY 21412,116,1501736,12946.0,OTROS
TETERO CUCHARA MALLA ONLY BL 2306-27,116,903060,7785.0,BIBERONES Y EXTRACTORES
PORTALECHE MIMO 15141,115,549470,4778.0,ALIMENTOS Y BEBIDAS
PELUCHE SONAJERO LELEBE YMY 622,114,2030112,17808.0,JUGUETES Y ACCESORIOS
LLAMADIENTES BOOGY 20804,114,921804,8086.0,OTROS
CARGADOR AIEBAO BL 2412+099,113,3662669,32413.0,COCHES Y PORTEO
PAÑALERA BABY SKY BL 2412+022,113,3239484,28668.0,PAÑALES
ENTRETENEDOR INFANTEC BGBP 509,113,984569,8713.0,OTROS
JABONERA BOOGY 20885,113,264533,2341.0,HIGIENE PERSONAL
TOALLA ANIMALES OK BABY BL 2412+035,112,2331392,20816.0,OTROS
TETERO 12 OZ WAKIDS 76190,111,844044,7604.0,BIBERONES Y EXTRACTORES
SET MANICURE BOOGY 20796,111,717282,6462.0,OTROS
TETERO 2 OZ BOOGY 21929,111,412254,3714.0,BIBERONES Y EXTRACTORES
CEPILLO DEDO X 3 BOOGY 33234,111,347763,3133.0,OTROS
TETERO 2 OZ INFAN TEC GBS 401,110,460460,4186.0,BIBERONES Y EXTRACTORES
ENTRETENEDOR CADENA BOOGY GB 1228,109,638195,5855.0,OTROS
ASPIRADOR NASAL BOOGY 21963,109,550123,5047.0,OTROS
MANTILLA BL 2412+036,108,2446200,22650.0,OTROS
CORTAUÑAS BOOGY 19226,108,304128,2816.0,OTROS
ZAPATO BABY SHOES,107,540029,5047.0,OTROS
EXTRACTOR ELECTRICO ONLY A 246,104,4569136,43934.0,BIBERONES Y EXTRACTORES
LLAMADIENTE BOOGY 20930,104,402896,3874.0,OTROS
PELUCHE SONAJERO LELEBE YMY 610,103,1742348,16916.0,JUGUETES Y ACCESORIOS
VASO JUGO INFANTEC BIP 1179,103,848926,8242.0,ALIMENTOS Y BEBIDAS
SET DE ASEO ONLY BL 2306-22,103,533025,5175.0,OTROS
MESA INFANTIL ARMATY DISEÑOS,102,5274012,51706.0,MOBILIARIO INFANTIL
PAÑALERA BL 2412+021,102,2218500,21750.0,PAÑALES
MOVIL PELUCHE BABY FANS 21705,102,2151486,21093.0,JUGUETES Y ACCESORIOS
PIANO MUSIC BEL 5099,102,1027548,10074.0,OTROS
VASO PITILLO BOOGY 18426,102,904026,8863.0,OTROS
DIDACTICO PIANO BL 2306 - 175,101,1309162,12962.0,OTROS
PELUCHE SONAJERO BABYFANS BL 2306 -350,101,1090598,10798.0,JUGUETES Y ACCESORIOS
TETERO 16 OZ BOOGY 21969,100,1281000,12810.0,BIBERONES Y EXTRACTORES
CHILLON FUNNY X 5 BL 2306 - 103,100,542500,5425.0,OTROS
CARGADOR KANG YING BL 2306-276,99,1998513,20187.0,OTROS
SONAJERO X 4 BABY STAR BL 2306 - 193,99,430947,4353.0,JUGUETES Y ACCESORIOS
TETERO 2 OZ INFAN TEC BIP 1216,99,405999,4101.0,BIBERONES Y EXTRACTORES
COMEDOR HC 200A-P N FUNNY CHAIR,98,19632144,200328.0,MOBILIARIO INFANTIL
CEPILLO PEINE BABY COLOR GBC 5187,98,609168,6216.0,OTROS
CARGADOR AIEBAO BL 2412+101,97,4738450,48850.0,COCHES Y PORTEO
MANTILLA KOLACO SZ 141,97,1467804,15132.0,OTROS
VASO 10 ONZ BOOGY 21399,97,1086788,11204.0,OTROS
TETERO 2 OZ BOOGY 21928,97,363265,3745.0,BIBERONES Y EXTRACTORES
GIMNASIO BOOGY 20016,96,3468960,36135.0,JUGUETES Y ACCESORIOS
CARGADOR BULLDOZER CAMPIONI,96,1793184,18679.0,CAMINADORES Y MONTABLES
TETERO CUCHARA SILICONA BOOGY 19678,96,1110432,11567.0,BIBERONES Y EXTRACTORES
VASO INFANTEC BIP 1017,96,1021152,10637.0,OTROS
ASPIRADOR BOOGY 21483,96,824928,8593.0,OTROS
MOVIL CUNA BABE BED BELL BL 2306-248,95,2042405,21499.0,MOBILIARIO INFANTIL
MOVIL CUNA BABE BED BELL BL 2306-251,95,1791130,18854.0,MOBILIARIO INFANTIL
PORTALECHE INFANTEC BIP 1464,95,815005,8579.0,ALIMENTOS Y BEBIDAS
GIMNASIO BOOGY 20017,94,3527538,37527.0,JUGUETES Y ACCESORIOS
ENTRETENEDOR INFANTEC BIP 1341,94,525554,5591.0,OTROS
LLAMADIENTE GUANTE SILICONA BL 2306 - 389,94,462480,4920.0,OTROS
PAÑALERA BL 2412+026,93,3727347,40079.0,PAÑALES
ENTRETENEDOR SILICONA INFANTEC ND 5005,93,497922,5354.0,OTROS
ENTRETENEDOR INFAN TEC BIP 1144,92,448592,4876.0,OTROS
LLAMADIENTE GUANTE SILICONA BL 2306 - 390,92,342792,3726.0,OTROS
JABONERA BOOGY 20886,92,232392,2526.0,HIGIENE PERSONAL
MOVIL BABE BED BELL BL 2306 - 249,91,1975337,21707.0,OTROS
VASO BOOGY 21402,91,973154,10694.0,OTROS
ESCOBILLON INFANTEC GB 0493,91,491764,5404.0,OTROS
ENTRETENEDOR X 2 SILICONA BOOGY 33236,91,409409,4499.0,OTROS
CARRO BOMBERO MUSICAL CAMPIONI,90,2054610,22829.0,OTROS
MOVIL CUNA BABE BED BELL BL 2306-252,90,1696860,18854.0,MOBILIARIO INFANTIL
DIDACTICO HELICOPTER BL 2306 - 178,89,1285605,14445.0,OTROS
CEPILLO RACER BIP 15,89,575118,6462.0,OTROS
ASPIRADOR NASAL BOOGY 20918,89,519315,5835.0,OTROS
TETERO CUCHARA ONLY BABY PP - 111,89,384569,4321.0,BIBERONES Y EXTRACTORES
PAÑALERA INFANTEC NT 1994,87,3666180,42140.0,PAÑALES
DIDACTICO BUS KEYBOORD BL 2306 - 234,86,1680526,19541.0,OTROS
BABITA AMOR BEBE X 24 REF 1777 - AC 03 - 801,86,1416248,16468.0,OTROS
PELUCHE SONAJERO BABYFANS BL 2306 - 352,86,615846,7161.0,JUGUETES Y ACCESORIOS
CALENTADOR LECHE PORTATIL BOOGY 33578,85,9462710,111326.0,ALIMENTOS Y BEBIDAS
MOVIL CUNA BABE BED BELL BL 2306-249,85,1827415,21499.0,MOBILIARIO INFANTIL
ENTRETENEDOR CON CINTA BIP 1313,85,788715,9279.0,OTROS
TETERO 2 OZ INFAN TEC BIP 1135,85,371535,4371.0,BIBERONES Y EXTRACTORES
ENTRETENEDOR INFANTEC BIP 1142,85,362950,4270.0,OTROS
SONAJERO X 3 BABY RATTLES BL 2306-190,85,230860,2716.0,JUGUETES Y ACCESORIOS
PELUCHE MUSICAL SOZZY WLTH 8103 S,84,1936872,23058.0,JUGUETES Y ACCESORIOS
DIDACTICO TREN TRAIN KEYBOARD BL 2306 - 225,84,1648584,19626.0,OTROS
SET ASPIRADOR NASAL ONLY BL 2306-15,84,367668,4377.0,OTROS
CEPILLO DEDO ESTUCHE ONLY BL 2306-19,84,133896,1594.0,ESTUCHES Y KITS REGALO
SET ASEO BABY COLOR ND 2231,83,469448,5656.0,OTROS
ENTRETENEDOR CADENA BOOGY 33259,82,378512,4616.0,OTROS
TETERO 2 OZ INFAN TEC GB 0524,82,279948,3414.0,BIBERONES Y EXTRACTORES
DIDACTICO ANIMAL MUSIC BL 2306 - 188,81,1018980,12580.0,OTROS
SONAJERO BABY STAR X 4 BL 2306 - 197,81,376569,4649.0,JUGUETES Y ACCESORIOS
PEZONERA ONLY BL 2306-14,81,202014,2494.0,BIBERONES Y EXTRACTORES
BUSO CARTER X 5 REF 66006,80,1625520,20319.0,OTROS
VASO 11 OZ BOOGY 21411,80,1035680,12946.0,OTROS
CEPILLO PEINE INFANTEC GB 7012,80,497280,6216.0,OTROS
CONJUNTO CARTERS X 3 SQ 108,79,1798988,22772.0,OTROS
DIDACTICO PIANO BEEPIANO MARIPOSA BL 2306 - 169,79,1097231,13889.0,OTROS
DIDACTICO ANIMAL MUSIC BL 2306 - 186,79,993820,12580.0,OTROS
CHILLON TINA X 5 FUNNY BL 2306 - 101,79,604587,7653.0,OTROS
CEPILLO SAFARY GBS 016,79,498806,6314.0,OTROS
PAÑALERA DUOHUI BL 2412+027,78,2989194,38323.0,PAÑALES
ENTRETENEDOR X 2 INFANTEC BIP 1277,77,757757,9841.0,OTROS
TETERO 2 OZ SAFARY GBS 001,77,314083,4079.0,BIBERONES Y EXTRACTORES
ENTRETENEDOR INFAN TEC BIP 1084,76,294804,3879.0,OTROS
TETERO 16 OZ BOOGY 21968,75,965925,12879.0,BIBERONES Y EXTRACTORES
VASO BOOGY 21388,75,950025,12667.0,OTROS
VASO INFANTEC ND 5002,75,707025,9427.0,OTROS
PORTALECHE WAKIDS 76472,75,411225,5483.0,ALIMENTOS Y BEBIDAS
PAÑALERA DEELLT BL 2306-91,74,2744142,37083.0,PAÑALES
CEPILLO PEINE INFANTEC GB 0763,74,415806,5619.0,OTROS
CORTAUÑAS BOOGY 20914,74,271284,3666.0,OTROS
COMEDOR HC 200A-B N FUNNY CHAIR,73,14623944,200328.0,MOBILIARIO INFANTIL
TERMOMETRO DIGITAL F 01,73,9855000,135000.0,FARMACIA Y BOTIQUÍN
VASO INFANTEC BIP 1518,73,587942,8054.0,OTROS
VASO 7 OZ JUGO BOOGY 19984,73,388579,5323.0,ALIMENTOS Y BEBIDAS
VASO SIPPER CUP ESTAMPADO PRAKTIPLAS,73,162863,2231.0,OTROS
PASEADOR MILANO PRIORI BLUE,72,10080000,140000.0,CAMINADORES Y MONTABLES
VASO 10 ONZ BOOGY 21386,72,704520,9785.0,OTROS
TETERO 10 OZ INFAN TEC BIP 1232,72,480096,6668.0,BIBERONES Y EXTRACTORES
PAÑALERA BL 2412+012,71,1647910,23210.0,PAÑALES
DIDACTICO MARIPOSA BL 2306 - 179,71,820192,11552.0,OTROS
ARNES AIEBAO 2018,70,1508360,21548.0,OTROS
VASO INFANTEC BIP 1519,70,560210,8003.0,OTROS
PAÑALERA BL 2412+107,69,3174966,46014.0,PAÑALES
PELUCHE MUSICAL SOZZY WLTH 8032 S,67,1789168,26704.0,JUGUETES Y ACCESORIOS
VASO JUGO INFACTEC GB- 7034,66,506022,7667.0,ALIMENTOS Y BEBIDAS
MOVIL CUNA BABE BED BELL BL 2306-247,65,1397435,21499.0,MOBILIARIO INFANTIL
ASPIRADOR NASAL INFANTEC BIP 1577,65,258830,3982.0,OTROS
CHILLON BABY TOYS X 10 BL 2306 - 156,64,406016,6344.0,OTROS
ENTRETENEDOR INFANTEC BIP 1151 M,63,357147,5669.0,OTROS
PROTECTOR DE BAÑERA REF 1229 ABBA,62,551614,8897.0,BAÑO BEBÉ (BAÑERAS Y BACINES)
VASO INFANTEC BIP 1515,62,494574,7977.0,OTROS
ENTRETENEDOR INFANTEC BIP 1399,62,292082,4711.0,OTROS
ENTRETENEDOR INFANTEC BIP 1379 L,62,263190,4245.0,OTROS
TETERO 2 OZ INFANTEC BIP 1583,62,226486,3653.0,BIBERONES Y EXTRACTORES
COLCHONETA ABBA 70 X 110 REF 1026,61,2279387,37367.0,MOBILIARIO INFANTIL
COCHE MOISES BELECOO BL 2306 - 251,60,17141400,285690.0,MOBILIARIO INFANTIL
CARRO MONTABLE CAMPIONI QX 3379,60,1805580,30093.0,CAMINADORES Y MONTABLES
JABONERA ESPONJA BOOGY 20887,60,476700,7945.0,HIGIENE PERSONAL
ENTRETENEDOR CINTA INFAN TEC BIP 1370,60,400980,6683.0,OTROS
PORTALECHE BOOGY 19990,60,338280,5638.0,ALIMENTOS Y BEBIDAS
ENTRETENEDOR CADENA BOOGY 33260,60,276960,4616.0,OTROS
VASO INFAN TEC BIP 1392,59,397837,6743.0,OTROS
TETERO 5 ONZ BOOGY 22006,59,359605,6095.0,BIBERONES Y EXTRACTORES
MOVIL PASTA HARMONIOUS BL 2306 - 244,58,1145732,19754.0,OTROS
DIDACTICO PIANO MARIPOSA BL 2306 - 168,58,896216,15452.0,OTROS
PLATO SILICONA BL 2024+44,58,634230,10935.0,OTROS
VASO 7 OZ JUGO BOOGY 19983,58,252706,4357.0,ALIMENTOS Y BEBIDAS
SILLA MECEDORA TITBABY 68144,57,4321113,75809.0,MOBILIARIO INFANTIL
DIDACTICO ROBOT BL 2306 - 170,57,817608,14344.0,OTROS
COBIJA DISNEY,56,3808000,68000.0,ROPA Y TEXTIL
MANTILLA YOYO BABY AH 02 - 513,56,1512672,27012.0,OTROS
VASO BOOGY 21389,56,709352,12667.0,OTROS
TETERO 4 OZ INFAN TEC BIP 1584,56,220304,3934.0,BIBERONES Y EXTRACTORES
SET DE ASEO NOOR ABHM 1003,55,950950,17290.0,OTROS
MANTILLA KOLACO SZ 125,55,849860,15452.0,OTROS
SILLA MECEDORA TITBABY 68147,54,4093686,75809.0,MOBILIARIO INFANTIL
CARGADOR 3 WAY CARRIER BL 2306 - 277,54,2233764,41366.0,OTROS
TETERO 8 OZ INFAN TEC GB 1086,54,421848,7812.0,BIBERONES Y EXTRACTORES
VASO INFANTEC BIP 1013,54,415530,7695.0,OTROS
CORTAUÑAS NOOR ABHM 1008,54,253800,4700.0,OTROS
ENTRETENEDOR DR GYM BL 2306 - 52,54,183276,3394.0,OTROS
MOVIL MUSICAL PASTA HAPPY SHAKING BL 2306 - 245,53,1046962,19754.0,OTROS
ESCRITORIO MULTIFUNCIONAL NIÑA ARMATY,52,4467736,85918.0,MOBILIARIO INFANTIL
VASO INFANTEC BIP 1371,52,476112,9156.0,OTROS
CUCHARA INFANTEC GB 0409,52,206440,3970.0,OTROS
CAMPING DE LUJO ABBA 1211,51,1992825,39075.0,MOBILIARIO INFANTIL
PELUCHE APEGO BABYFANS BL 2306 - 364,51,765612,15012.0,JUGUETES Y ACCESORIOS
PELUCHE SONAJERO BABYFANS BL 2306 - 354,51,487050,9550.0,JUGUETES Y ACCESORIOS
ESCOBILLON INFAN TEC BIP 1445,51,443853,8703.0,OTROS
CARGADOR BEBE MAMA BL 2412+104,50,1501200,30024.0,COCHES Y PORTEO
SET ASEO NOOR NOS 12,50,320400,6408.0,OTROS
CARGADOR MON BEBE BL 2306 - 283,49,2222836,45364.0,OTROS
MOVIL MUSICAL PASTA HAPPY SHAKING BL 2306 - 246,49,965300,19700.0,OTROS
VASO 17 OZ BOOGY 33288,49,412727,8423.0,OTROS
DIDACTICO CUTE MUSIC BL 2306 - 231,48,1005888,20956.0,OTROS
VASO INFANTEC BIP 1463,48,492288,10256.0,OTROS
CORTAUÑAS NOOR ABHM 1006,48,235968,4916.0,OTROS
LLAMADIENTE INFANTEC GB 0730,48,234864,4893.0,OTROS
ROLLO TERMICO 57 X 30,48,82128,1711.0,OTROS
VASO INFANTEC GB 1392,47,366506,7798.0,OTROS
ESCRITORIO MULTIFUNCIONAL NIÑO ARMATY,46,3952228,85918.0,MOBILIARIO INFANTIL
COLCHONETA EXTRAGRANDE ABBA 1027,46,1993916,43346.0,MOBILIARIO INFANTIL
EXTRACTOR INFANTEC GBP 053,46,704030,15305.0,BIBERONES Y EXTRACTORES
TAPETE BAÑERA BOOGY 20696,46,588938,12803.0,BAÑO BEBÉ (BAÑERAS Y BACINES)
PORTALECHE INFANTEC GBS 414,46,512072,11132.0,ALIMENTOS Y BEBIDAS
VAJILLA INFANTEC BIP 1424,46,479918,10433.0,OTROS
BOTELLA PITILLO BOOGY 33539,46,465428,10118.0,OTROS
TETERO 8 OZ INFAN TEC BIP 1230,46,257094,5589.0,BIBERONES Y EXTRACTORES
COLCHONETA GRANDE ABBA 1028,45,1617435,35943.0,MOBILIARIO INFANTIL
VASO 11 OZ BOOGY 21410,45,562500,12500.0,OTROS
CUCHARA BOOGY 20767,45,179055,3979.0,OTROS
GIMNASIO PELOTAS BEBESITOS NRK 6,44,5401176,122754.0,JUGUETES Y ACCESORIOS
PANTALON TEDMIMAK 66009,44,1362724,30971.0,ROPA Y TEXTIL
TAPETE BAÑERA BOOGY 20697,44,563332,12803.0,BAÑO BEBÉ (BAÑERAS Y BACINES)
CORRAL TATI ABBA 1061,43,4772570,110990.0,MOBILIARIO INFANTIL
TETERO 12 OZ INFANTEC GB 1397,43,595077,13839.0,BIBERONES Y EXTRACTORES
CORTAUÑAS CON LUPA BOOGY 19992,43,245014,5698.0,OTROS
COMEDOR BEBESITOS NG 204,42,9660000,230000.0,MOBILIARIO INFANTIL
TETERO DR GYM 1330,42,250866,5973.0,BIBERONES Y EXTRACTORES
COLCHONETA PEQUEÑA ABBA 1030,41,1053454,25694.0,MOBILIARIO INFANTIL
DIDACTICO VACA EARLY LEARN BL 2306 - 260,41,595935,14535.0,OTROS
TETERO 4 OZ INFANTEC GB 1128,41,298193,7273.0,BIBERONES Y EXTRACTORES
CUCHARAS INFAN TEC BIP 1225,40,154800,3870.0,OTROS
PELUCHE MUSICAL SOZZY WLTH 8100S,39,935337,23983.0,JUGUETES Y ACCESORIOS
DIDACTICO CANGREJO HUANGER BL 2306 - 235,39,531687,13633.0,OTROS
PIANO MUSIC BEL 5097,39,392886,10074.0,OTROS
LLAMADIENTES BOOGY 21452,39,148473,3807.0,OTROS
CEPILLO LLAMADIENTES BL 2306-48,39,106275,2725.0,OTROS
DIDACTICO CUTE MUSIC BL 2306 - 230,38,796328,20956.0,OTROS
DIDACTICO VACA COW SD 9954,38,639236,16822.0,OTROS
COMEDOR BEBESITOS NG 205,37,8510000,230000.0,MOBILIARIO INFANTIL
PLASTICO COCHE,37,296000,8000.0,OTROS
COMEDOR BEBESITOS NG 202,36,8280000,230000.0,MOBILIARIO INFANTIL
LLAMADIENTE CEPILLO BOOGY 21480,36,245916,6831.0,OTROS
ASPIRADOR NASAL BOOGY 33280,36,244080,6780.0,OTROS
CEPILLO PEINE BOOGY 21981,36,224316,6231.0,OTROS
PASEADOR HAPPY BABY VERSO - GRY GRIS,35,5582500,159500.0,CAMINADORES Y MONTABLES
MAMELUCO TEDMIMAK MANGA CORTA X5 REF 66001,35,918155,26233.0,OTROS
VASO INFAN TEC BIP 1443,35,344225,9835.0,OTROS
TETERO 5 OZ BOOGY 33231,35,257775,7365.0,BIBERONES Y EXTRACTORES
TETERO 4 OZ INFANTEC BIP 1394,34,393754,11581.0,BIBERONES Y EXTRACTORES
PASEADOR S 100,33,4314585,130745.0,CAMINADORES Y MONTABLES
GIMNASIO PELOTAS 668+32,33,2871231,87007.0,JUGUETES Y ACCESORIOS
PELUCHE MUSICAL SOZZY WLTH 8102 S,33,791868,23996.0,JUGUETES Y ACCESORIOS
VASO BOOGY 21390,33,418011,12667.0,OTROS
VASO 10 ONZ BOOGY 21384,33,310002,9394.0,OTROS
LLAMADIENTES INFANTEC GB 1195,33,164802,4994.0,OTROS
ENTRETENEDOR INFANTEC BIP 1378 L,33,115335,3495.0,OTROS
GIMNASIO PELOTAS 668+33,32,2900128,90629.0,JUGUETES Y ACCESORIOS
CARGADOR MAMA A 2412+103,32,944992,29531.0,OTROS
VASO INFANTEC BIP 1406,32,381504,11922.0,OTROS
CEPILLO INFANTEC GB 0759,32,249312,7791.0,OTROS
VALDE PLEGABLE BAÑERA CARITA,31,210800,6800.0,BAÑO BEBÉ (BAÑERAS Y BACINES)
ENTRETENEDOR INFANTEC BIP 1460,31,112561,3631.0,OTROS
ESPONJA BAÑO BATHING GLOVE JMA 1908 - 12,31,83886,2706.0,HIGIENE PERSONAL
CARGADOR BABY BOO CARRIER BL 2306 - 281,30,1391700,46390.0,OTROS
CARGADOR AIEBAO BL 2412+097,30,1370760,45692.0,COCHES Y PORTEO
MOVIL PASTA LOVING HUT BL 2306 - 253,30,885570,29519.0,OTROS
CARGADOR KANG YING BL 2306-288,30,494790,16493.0,OTROS
TETERO 12 OZ INFAN TEC BIP 1564,30,257160,8572.0,BIBERONES Y EXTRACTORES
PASEADOR POPY PAPA BL 2306 - 375,29,2562585,88365.0,CAMINADORES Y MONTABLES
CARGADOR AIEBAO BL 2412+102,29,1700299,58631.0,COCHES Y PORTEO
VASO BOOGY 21433,29,363515,12535.0,OTROS
VASO 13 OZ BOOGY 21414,29,351074,12106.0,OTROS
VAJILLA TOMMEE TIPPIE TM 8,29,265640,9160.0,OTROS
ENTRETENEDOR CADENA BOOGY 18390,29,220168,7592.0,OTROS
DISPENSADOR BOOGY 21432,29,204160,7040.0,OTROS
COMEDOR BEBESITOS NG 200,28,6440000,230000.0,MOBILIARIO INFANTIL
MOVIL PELUCHE BABYFANS BL 2306 - 356,28,420336,15012.0,JUGUETES Y ACCESORIOS
SET CUCHARAS X 2 NOOR NOS 112,28,265384,9478.0,OTROS
ENTRETENEDOR ESTUCHE BOOGY 18682,28,150584,5378.0,ESTUCHES Y KITS REGALO
CUCHARA BOOGY 19218,28,140616,5022.0,OTROS
FLOTADOR BESTWAY 34009,27,712800,26400.0,OTROS
MOVIL PELUCHE BABYFANS BL 2306 - 357,27,457056,16928.0,JUGUETES Y ACCESORIOS
DIDACTICO MUSIC INTEREST BL 2306 - 185,27,444069,16447.0,OTROS
LLAMADIENTE GUANTE NOOR NOS 237,27,303642,11246.0,OTROS
MALLA FRUTA BOOGY 21965,27,159003,5889.0,OTROS
VAJILLA INFANTEC BIP 1091,26,358462,13787.0,OTROS
GIMNASIO PELOTAS 668+31,24,2088168,87007.0,JUGUETES Y ACCESORIOS
PISCINA PELOTAS BALL POLL BL 2306 - 377,24,997152,41548.0,OTROS
FLOTADOR BESTWAY 93405 E,24,781440,32560.0,OTROS
COJIN MATERNO LACTANCIA REF 1052,24,630336,26264.0,CUIDADO FEMENINO Y MATERNIDAD
ESTANTE ORGANIZADOR 4 PUESTOS ARMATY,23,1646915,71605.0,OTROS
TETERO 9 OZ INFANTEC BIP 1490,23,227378,9886.0,BIBERONES Y EXTRACTORES
ENTRETENEDOR X 2 INFANTEC BIP 1275,23,163691,7117.0,OTROS
COCHE MOISES SIMPLE LIFE BL 2306 - 374,22,8155686,370713.0,MOBILIARIO INFANTIL
MALETA MASCOTA PETS HOME 008 - 980 A - 3,22,1185008,53864.0,OTROS
PELUCHE SONAJERO BABYFANS BL 2306 - 359,22,226842,10311.0,JUGUETES Y ACCESORIOS
DIDACTICO CARTOON PIANO BL 2306 - 180,22,222706,10123.0,OTROS
TETERO 5 OZ BOOGY 20118,22,147730,6715.0,BIBERONES Y EXTRACTORES
CORTAUÑAS NOOR ABHM 1007,22,105776,4808.0,OTROS
CADENA BOOGY 21923,22,50886,2313.0,OTROS
MALETA MORRAL MASCOTA PETS HOSPITAL 008 - 997 A - 2,21,835002,39762.0,OTROS
MAMELUCO X 3 MEDIAS CAJA REF 068,21,626052,29812.0,ROPA Y TEXTIL
SET DE ASEO BOOGY 20745,21,177744,8464.0,OTROS
PASEADOR HAPPY BABY VERSO - BLU AZUL,20,3190000,159500.0,CAMINADORES Y MONTABLES
ESTERILIZADOR MICROONDAS BOOGY 18167,20,830480,41524.0,OTROS
MALETA HELLO DOCTOR 008 - 995 A,20,795240,39762.0,OTROS
MESA DIDACTICA BL 2306 - 271,20,751220,37561.0,OTROS
PELUCHE MUSICAL JOLLYBAB WLTH 8090 J,20,432400,21620.0,JUGUETES Y ACCESORIOS
PASEADOR FUTURE HAPPY BABY GREY GRIS,19,2713200,142800.0,CAMINADORES Y MONTABLES
MALETA HEALTH DAY 008 - 985 A,19,900505,47395.0,OTROS
MALETA HERRAMIENTA TOOLS 008 - 982 A,19,900505,47395.0,OTROS
MALETA MASCOTA PETS HOSPITAL 008 - 998 A - 1,19,753768,39672.0,OTROS
FLOTADOR BESTWAY 42046,19,291840,15360.0,OTROS
GORRO JMA 19 - 3,19,107483,5657.0,OTROS
COMEDOR BEBESITOS NG 201,18,4140000,230000.0,MOBILIARIO INFANTIL
PASEADOR FUTURE HAPPY BABY BLACK NEGRO,18,2570400,142800.0,CAMINADORES Y MONTABLES
EXTRACTOR LECHE ELECTRICO BOOGY 33457,18,2556612,142034.0,BIBERONES Y EXTRACTORES
FLOTADOR BESTWAY 41094,18,992160,55120.0,OTROS
MALETA MASCOTA PETS HOME 008 - 987 A - 3,18,969552,53864.0,OTROS
MALETA MASCOTA PETS HOME 008 - 980 A - 1,18,917802,50989.0,OTROS
FLOTADOR BESTWAY 41115,18,583200,32400.0,OTROS
ENTRETENEDOR X 2 INFANTEC BIP 1276,18,149292,8294.0,OTROS
ENTRETENEDOR BABY TRAINING GB 7008,18,147402,8189.0,OTROS
CORRAL BEBESITOS ST 3600 - 547,17,6428431,378143.0,MOBILIARIO INFANTIL
CORRAL BEBESITOS ST 3700 - 547,17,6428431,378143.0,MOBILIARIO INFANTIL
SOPORTE BAÑERA CON CAMBIADOR ABBA 1219,17,1283143,75479.0,BAÑO BEBÉ (BAÑERAS Y BACINES)
SOPORTE METALICO BAÑERA 1201,17,769369,45257.0,BAÑO BEBÉ (BAÑERAS Y BACINES)
PROTECTOR DE CUNA ABBA 1034,17,688483,40499.0,MOBILIARIO INFANTIL
TETERO 5 ONZ BOOGY 22004,17,103615,6095.0,BIBERONES Y EXTRACTORES
PORTALECHE CIHOCO JRB 06,17,73967,4351.0,ALIMENTOS Y BEBIDAS
ENTRETENEDOR INFANTEC GB 0917,17,68000,4000.0,OTROS
CUCHARA DR GYM JMA 1908 - 26,17,30090,1770.0,OTROS
COCHE PASEADOR KIDILO BL 2306 - 249,16,2172576,135786.0,CAMINADORES Y MONTABLES
VASO 11 OZ BOOGY 21394,16,218144,13634.0,OTROS
ASPIRADOR NASAL INFANTEC BIP 1270,16,88144,5509.0,OTROS
SET MANICURE NOOR NRM 1152,16,53264,3329.0,OTROS
COCHE SPECTRUM SPM 900 - 494,15,5750955,383397.0,COCHES Y PORTEO
DIDACTICO CHICKEN BL 2306 - 172,15,231630,15442.0,OTROS
VAJILLA GENIAL GN-B62F84,15,189285,12619.0,OTROS
TAPETE MUSICAL PIANO BL 2306 - 263,14,322056,23004.0,JUGUETES Y ACCESORIOS
PELUCHE MUSICAL SOZZY WLTH 8087 J,14,302680,21620.0,JUGUETES Y ACCESORIOS
PELUCHE MUSICAL FUNMUCH BL 2306 - 344,14,216230,15445.0,JUGUETES Y ACCESORIOS
VASO 13 OZ BOOGY 21401,14,171080,12220.0,OTROS
PELUCHE APEGO TOLELE BL 2306 - 351,14,156436,11174.0,JUGUETES Y ACCESORIOS
BOTELLA PITILLO BOOGY 33538,14,141652,10118.0,OTROS
ENTRETENEDOR INFANTEC GB 1379 M,14,53830,3845.0,OTROS
ENTRETENEDOR INFANTEC GB 0989,14,52024,3716.0,OTROS
FLOTADOR INTEX 58561,13,696969,53613.0,OTROS
FLOTADOR INTEX 58523,13,509782,39214.0,OTROS
DIDACTICO VACA ANIMALS KEYBOARD BL 2306 - 228,13,240305,18485.0,OTROS
VAJILLA J 2204029,13,106704,8208.0,OTROS
LLAMADIENTE BOOGY 21443,13,104871,8067.0,OTROS
CEPILLO PEINE INFANTEC BIP 1042,13,91780,7060.0,OTROS
CEPILLO BOOGY 20768,13,71565,5505.0,OTROS
ENTRETENEDOR MAGEMIOR LOT - 9,13,24635,1895.0,OTROS
CORRAL COLECHO ABBA 1063,12,1957488,163124.0,MOBILIARIO INFANTIL
CORRALITO CASITA ABBA 1108,12,560160,46680.0,MOBILIARIO INFANTIL
PISCINA INTEX 58434,12,537480,44790.0,OTROS
FLOTADOR BESTWAY 98009,12,402240,33520.0,OTROS
FLOTADOR BESTWAY 41098,12,356616,29718.0,OTROS
DIDACTICO ELEFANTE BL 2306 - 233,12,204408,17034.0,OTROS
DIDACTICO COCODRILO BL 2306 - 232,12,201084,16757.0,OTROS
PELUCHE APEGO BABY FANS BL 2306 - 362,12,184692,15391.0,JUGUETES Y ACCESORIOS
TETERO 16 OZ BOOGY 21976,12,173160,14430.0,BIBERONES Y EXTRACTORES
TETERO 15 OZ BOOGY 33305,12,126348,10529.0,BIBERONES Y EXTRACTORES
ENTRETENEDOR SAFARY GBS 029,12,50292,4191.0,OTROS
CARGADOR BABY WILLBABY 8601,11,373813,33983.0,OTROS
FLOTADOR DISNEY BESTWAY 91003,11,200640,18240.0,OTROS
TETERO 16 OZ BOOGY 21972,11,157773,14343.0,BIBERONES Y EXTRACTORES
LLAMADIENTE CADENA BOOGY 21479,11,152691,13881.0,OTROS
VAJILLA BOOGY 19215,11,113498,10318.0,OTROS
CEPILLO BABY COLOR GBC 5186,11,45133,4103.0,OTROS
PASEADOR BOOGY 2070,10,993320,99332.0,CAMINADORES Y MONTABLES
NIDO PARA BEBE ABBA REF 1233,10,590040,59004.0,ALIMENTACIÓN INFANTIL
PROTECTOR DE CUNA NUBE ABBA 1035,10,582920,58292.0,MOBILIARIO INFANTIL
ESPUMA BAÑERA ABBA 1203,10,93240,9324.0,BAÑO BEBÉ (BAÑERAS Y BACINES)
PLASTICO COCHE ESTAMPADO,10,87000,8700.0,COCHES Y PORTEO
ENTRETENEDOR BOOGY 33258,10,32710,3271.0,OTROS
ESTERILIZADOR VAPOR BOOGY 13050,9,593532,65948.0,OTROS
COLCHONETA CAMPING ABBA 1029,9,268398,29822.0,MOBILIARIO INFANTIL
ENTRETENEDOR INFANTEC BIP 1430,9,48663,5407.0,OTROS
TETERO 2 OZ BOOGY 21927,9,33426,3714.0,BIBERONES Y EXTRACTORES
ENTRETENEDOR DR GYM BL 2306 - 53,9,30546,3394.0,OTROS
ASPIRADOR NASAL MANGUERA ESTUCHE BL 2306-47,9,26712,2968.0,ESTUCHES Y KITS REGALO
CORRAL DESARMABLE CASITA ABBA 09,8,1568264,196033.0,MOBILIARIO INFANTIL
FLOTADOR BESTWAY 36159,8,203712,25464.0,OTROS
FLOTADOR BESTWAY 42048,8,202240,25280.0,OTROS
LLAMADIENTE CADENA BOOGY 21477,8,111192,13899.0,OTROS
VASO PITILLO BABY COLOR BIP 2009,8,98800,12350.0,OTROS
TETERO 2 OZ BOOGY 21926,8,29960,3745.0,BIBERONES Y EXTRACTORES
CORRAL BEBESITOS ST 3600 - 542,7,2647001,378143.0,MOBILIARIO INFANTIL
COCHE BABYLAND BL 2306 - 243,7,1203909,171987.0,COCHES Y PORTEO
COCHE HAPPY BABY DALLAS - BLU AZUL,7,1049580,149940.0,COCHES Y PORTEO
TOLDILLO CULUMPIO 102,7,584500,83500.0,ACCESORIOS BEBÉ
ESCOBILLON INFANTEC BIP 1333,7,78820,11260.0,OTROS
TETERO 2 OZ BOOGY 20657,7,26313,3759.0,BIBERONES Y EXTRACTORES
PISCINA INTEX 56495,6,867810,144635.0,OTROS
FLOTADOR INTEX 57552,6,409266,68211.0,OTROS
PELUCHE MUSICAL SOZZY WLTH 8033 S,6,161418,26903.0,JUGUETES Y ACCESORIOS
PAÑAL ECOLOGICO BOOGY 33277,6,107130,17855.0,PAÑALES
FLOTADOR BESTWAY 34106,6,100368,16728.0,OTROS
REDUCTOR BAÑO CHILDREN AGARRADERA BB - 2,6,99840,16640.0,ACCESORIOS BEBÉ
TETERO 14 OZ JUNGLE BIP 1167,6,89184,14864.0,BIBERONES Y EXTRACTORES
VASO 8 OZ BOOGY 21434,6,82248,13708.0,OTROS
VASO JUGO INFANTEC BIP 1129,6,54966,9161.0,ALIMENTOS Y BEBIDAS
LIMA ELECTRICA BEBE SA 2904+2,6,44934,7489.0,OTROS
COCHE SPECTRUM SPM 900 - 503,5,1916985,383397.0,COCHES Y PORTEO
COCHE SPECTRUM SPM 900 - 496,5,1893830,378766.0,COCHES Y PORTEO
COMEDOR BOOGY 20889,5,690890,138178.0,MOBILIARIO INFANTIL
PASEADOR BOOGY 2072,5,496660,99332.0,CAMINADORES Y MONTABLES
VASO INFANTEC BIP 1455,5,42555,8511.0,OTROS
VOLQUETA MINERA CAMPIONI,5,28535,5707.0,OTROS
COCHE SPECTRUM SPL 1603,4,2394880,598720.0,COCHES Y PORTEO
COCHE SPECTRUM SPM 900 - 502,4,1533588,383397.0,COCHES Y PORTEO
COCHE SPECTRUM SPM 900 - 505,4,1533588,383397.0,COCHES Y PORTEO
COCHE SPECTRUM SPM 900 - 493,4,1515064,378766.0,COCHES Y PORTEO
COCHE BABYSTONE 2306 - 373,4,1512068,378017.0,COCHES Y PORTEO
CORRAL BEBESITOS BS 1100 - 543,4,1185800,296450.0,MOBILIARIO INFANTIL
PASEADOR FUTURE HAPPY BABY PINK ROSADO,4,571200,142800.0,CAMINADORES Y MONTABLES
PASEADOR BABY BL 2306 - 261,4,415480,103870.0,CAMINADORES Y MONTABLES
ESTANTE ORGANIZADOR 3 PUESTOS ARMATY,4,220908,55227.0,OTROS
PISCINA BESTWAY 52189,4,204672,51168.0,OTROS
CORRALITO CASITA ABBA 1102,4,180588,45147.0,MOBILIARIO INFANTIL
COLCHONETA ANTIREFLUJO ABBA 1056,4,170536,42634.0,MOBILIARIO INFANTIL
PAÑALERA SYLLABLE BL 2306-82,4,166360,41590.0,PAÑALES
FLOTADOR BESTWAY 41037,4,106560,26640.0,OTROS
VASO 10 OZ BABY COLOR GBC 5128,4,30168,7542.0,OTROS
PORTALECHE WAKIDS 76470,4,16308,4077.0,ALIMENTOS Y BEBIDAS
COCHE SPECTRUM SPL 1500,3,1695681,565227.0,COCHES Y PORTEO
COCHE SPECTRUM SPM 300 - 511,3,1429044,476348.0,COCHES Y PORTEO
COCHE HAPPY BABY FAST BLK NEGRO,3,1224510,408170.0,COCHES Y PORTEO
COCHE SPECTRUM SPM 900 - 504,3,1150191,383397.0,COCHES Y PORTEO
CORRAL BEBESITOS ST 3600 - 544,3,1134429,378143.0,MOBILIARIO INFANTIL
CORRAL BEBESITOS BS 1100 - 549,3,879429,293143.0,MOBILIARIO INFANTIL
PASEADOR MILANO PRIORI PINK,3,420000,140000.0,CAMINADORES Y MONTABLES
SILLA MECEDORA PREMIUM ABBA 1065,3,228705,76235.0,MOBILIARIO INFANTIL
MESA DIDACTICA ABERO BL 2306 - 383,3,195834,65278.0,OTROS
MALETA BEAUTY SET TOCADOR 008 - 993 A,3,119286,39762.0,MOBILIARIO INFANTIL
MESA INFANTIL ARMATY DECORADA,3,117147,39049.0,MOBILIARIO INFANTIL
DIDACTICO CASTLE BL 2306 - 177,3,43674,14558.0,OTROS
TETERO 15 OZ BOOGY 21436,3,40311,13437.0,BIBERONES Y EXTRACTORES
TETERO 5 OZ INFAN TEC BIP 1389,3,24531,8177.0,BIBERONES Y EXTRACTORES
VAJILLA BOOGY 19632,3,19383,6461.0,OTROS
TETERO 5 OZ INFAN TEC BIP 1551,3,17595,5865.0,BIBERONES Y EXTRACTORES
RINOCERONTE CAMPIONI TOYS,3,16812,5604.0,OTROS
SONAJERO PELUCHE XQ TOY BL 2306 - 341,3,14226,4742.0,JUGUETES Y ACCESORIOS
CHUPO X 2 ONLY 6+ A 8,3,7752,2584.0,BIBERONES Y EXTRACTORES
COCHE PORTABEBE PRIORI FREZZIO PNK ROSADO,2,1324470,662235.0,COCHES Y PORTEO
COCHE HAPPY BABY FAST GRY GRIS,2,816340,408170.0,COCHES Y PORTEO
CUNA MADERA BL 2306-378,2,794000,397000.0,MOBILIARIO INFANTIL
COCHE SPECTRUM SPM 900 - 492,2,757532,378766.0,COCHES Y PORTEO
CORRAL BEBESITOS ST 3700 - 557,2,756286,378143.0,MOBILIARIO INFANTIL
COCHE INFANTEC ND 1649,2,625962,312981.0,COCHES Y PORTEO
CUNA COLECHO HAPPY BABY MIX+ GRIS,2,625082,312541.0,MOBILIARIO INFANTIL
CORRAL BEBESITOS BS 1100 - 550,2,586286,293143.0,MOBILIARIO INFANTIL
PISCINA INTEX 48672,2,228422,114211.0,OTROS
TOLDILLO SOMBRILLA 101,2,146000,73000.0,ACCESORIOS BEBÉ
PAÑALERA CUNA BL 2306-85,2,105994,52997.0,PAÑALES
COJIN LACTANCIA MULTIUSOS ABBA 1230,2,69610,34805.0,ACCESORIOS BEBÉ
KIT VAJILLA SILICONA BL 2412+082,2,52300,26150.0,OTROS
VASO JUGO 20 OZ BOOGY 21953,2,33626,16813.0,ALIMENTOS Y BEBIDAS
TETERO 13 OZ BOOGY 21438,2,26820,13410.0,BIBERONES Y EXTRACTORES
TETERO 14 OZ BOOGY 21447,2,26634,13317.0,BIBERONES Y EXTRACTORES
VASO 12 OZ BOOGY 21974,2,24340,12170.0,OTROS
TETERO 16 OZ INFAN TEC BIP 1387,2,20930,10465.0,BIBERONES Y EXTRACTORES
VASO 11 OZ INFANTEC BIP 1456,2,18772,9386.0,OTROS
TETERO 4 OZ INFANTEC BIP 1396,2,15650,7825.0,BIBERONES Y EXTRACTORES
TRUCK RETROEXCAVADORA CAMPIONI,2,14112,7056.0,OTROS
ASPIRADOR NASAL BOOGY 20892,2,8966,4483.0,OTROS
CUCHARA SILICONA WAKIDS 76700,2,8536,4268.0,OTROS
LLAMADIENTE BOOGY 20929,2,7502,3751.0,OTROS
CEPILLO HAIR BRUSH 0213 - 1,2,7414,3707.0,OTROS
ENTRETENEDOR INFANTEC BIP 1539,2,7126,3563.0,OTROS
COCHE SPECTRUM SPL 1600,1,598720,598720.0,COCHES Y PORTEO
COCHE HAPPY BABY FAST BLUE AZUL,1,408170,408170.0,COCHES Y PORTEO
CORRAL BEBESITOS ST 3600 - 533,1,378143,378143.0,MOBILIARIO INFANTIL
CORRAL BEBESITOS ST 3700 - 543,1,378143,378143.0,MOBILIARIO INFANTIL
CORRAL BEBESITOS ST 3700 - 549,1,378143,378143.0,MOBILIARIO INFANTIL
CORRAL BEBESITOS ST 3700 - 552,1,378143,378143.0,MOBILIARIO INFANTIL
CORRAL BEBESITOS BS 1100 - 540,1,293143,293143.0,MOBILIARIO INFANTIL
COCHE VENETO PRIORI GRIS,1,212415,212415.0,COCHES Y PORTEO
COCHE VENETO PRIORI PURPURA,1,212415,212415.0,COCHES Y PORTEO
COCHE BL 2306 - 246,1,204517,204517.0,COCHES Y PORTEO
COCHE HAPPY BABY DALLAS - BLK NEGRO,1,149940,149940.0,COCHES Y PORTEO
COCHE HAPPY BABY DALLAS - PNK ROSADO,1,149940,149940.0,COCHES Y PORTEO
COCHE PASEADOR BABY BL 2306 - 262,1,116087,116087.0,CAMINADORES Y MONTABLES
COCHE PASEADOR BABYLAND BL 2306 - 242,1,106348,106348.0,CAMINADORES Y MONTABLES
BAÑERA PLEGABLE COJIN TERMOMETRO BL 2306 - 334,1,92353,92353.0,BAÑO BEBÉ (BAÑERAS Y BACINES)
BAÑERA PLEGABLE COJIN TERMOMETRO BL 2306 - 316,1,82623,82623.0,BAÑO BEBÉ (BAÑERAS Y BACINES)
BAÑERA PLEGABLE COJIN VALDE BL 2306 - 312,1,73517,73517.0,BAÑO BEBÉ (BAÑERAS Y BACINES)
CALENTADOR LECHE BOOGY 33579,1,57911,57911.0,ALIMENTOS Y BEBIDAS
SILLA MECEDORA ABBA 1064,1,55835,55835.0,MOBILIARIO INFANTIL
COCHECITO MOISES ABBA 1106,1,48979,48979.0,MOBILIARIO INFANTIL
KIT VAJILLA SILICONA BL 2412+083,1,28041,28041.0,OTROS
BACENILLA TIPO SILLA 2 EN 1 REF 1218,1,25000,25000.0,OTROS
BOLSA LECHE MATERNA X 30 BOGGY 33462,1,21815,21815.0,CUIDADO FEMENINO Y MATERNIDAD
EXTRACTOR BOOGY 20001,1,20172,20172.0,BIBERONES Y EXTRACTORES
PAÑALERA BEELLT BL 2306-92,1,18988,18988.0,PAÑALES
PAÑAL ECOLOGICO BOOGY 33278,1,17862,17862.0,PAÑALES
TETERO 15 OZ BOOGY 21435,1,17459,17459.0,BIBERONES Y EXTRACTORES
MANTILLA BIZUBEE KOLACO SZ 12,1,15344,15344.0,OTROS
TETERO 14 OZ INFANTEC BIP 1128,1,15217,15217.0,BIBERONES Y EXTRACTORES
FLOTADOR BESTWAY 34037,1,14560,14560.0,OTROS
TETERO 16 OZ BOOGY 21975,1,14290,14290.0,BIBERONES Y EXTRACTORES
TETERO 15 OZ BOOGY 21441,1,13973,13973.0,BIBERONES Y EXTRACTORES
DIDACTICO PIANO COW BL 2306 - 173,1,11670,11670.0,OTROS
VASO 11 OZ BOOGY 21407,1,11329,11329.0,OTROS
VASO 11 ONZ BOOGY 33466,1,11133,11133.0,OTROS
TETERO 15 OZ INFANTEC BIP 1482,1,10840,10840.0,BIBERONES Y EXTRACTORES
TETERO 10 OZ INFANTEC GB 1243,1,8639,8639.0,BIBERONES Y EXTRACTORES
VASO INFANTEC BIP 1197,1,8420,8420.0,OTROS
MEDIA NOOR PHX 132,1,7904,7904.0,ROPA Y TEXTIL
MEDIA BABY SHOCK AN02 - 239,1,7108,7108.0,ROPA Y TEXTIL
PORTALECHE BOOGY 15995,1,6014,6014.0,ALIMENTOS Y BEBIDAS
CEPILLO PEINE BOOGY 20764,1,5641,5641.0,OTROS
ENTRETENEDOR INFANTEC GB 1363,1,4441,4441.0,OTROS
ENTRETENEDOR CINTA DR GYM BL 2306 - 60,1,3889,3889.0,OTROS
TETERO 2 OZ INFANTEC GB 0563,1,3634,3634.0,BIBERONES Y EXTRACTORES
PORTALECHE FD 19,1,3577,3577.0,ALIMENTOS Y BEBIDAS
ENTRETENEDOR BOOGY 19654,1,2619,2619.0,OTROS
CADENA DR GYM BL 2306 - 69,1,2063,2063.0,OTROS
